Order ID,Registration Date,distance,Quantity,Price,Price Option,order_type,Coupon,First Name,Last Name,gender,Identified Gender,Age,AgeGroup,DOB,Email,Address,City,State,Zip,Country,Phone,Removed,Bib,Captain,team_name,emergency_name,emergency_phone,statement_id,item_discount,order_tax,ultrasignup_fee,order_total,Donation  10,Donation  100,Donation  25,Donation  250,Donation  50,Description of Hardrock volunteering,Have you ever finished the Hardrock 100,Livestream Consent,Name verification,Name Verification for Hardrock,Name Verification for Qualifier,Past applications since running Hardrock,Please select the qualifier you finished duplicate,Please select the qualifier you finished.,Please select the qualifier you finished. 2,Refund Policy,Service Requirement,Shirt Size,Years volunteered
123,10/25/2024 6:01:57 AM,100 Miler,1,200.0000,100 Miler - Registration $200,Pending CC,0.0000,Joe,Built,M,,25,,06/02/1999,joe@gmail.com,1751 Watanabe Park Blvd,Denver,CO,80202,USA,3035551212,False,,No,,Kathy Walker,3034441212,,0.0000,0.00,10.77,210.770000,,,,,,,No,Yes,Yes,,,3,,2023 AUG: Mudslinger 200,,I understand the payment and refund policy.,I understand the service requirements,Men's Small,0
456,11/21/2024 8:01:57 AM,100 Miler,1,200.0000,100 Miler - Registration $200,Pending CC,0.0000,Jane,Williams,F,,26,,06/22/1998,jane@gmail.com,1752 Wasabe Blvd,Minneapolis,MN,65442,USA,6125551212,False,,No,,Michael Jimmy,6124441212,,0.0000,0.00,10.77,210.770000,,,,,,,No,Yes,Yes,,,3,,2023 SEPT: Rodent Run 200,,I understand the payment and refund policy.,I understand the service requirements,Men's Small,2

<!DOCTYPE html>
<!--[if lt IE 7]> <html class="no-js lt-ie9 lt-ie8 lt-ie7" lang="en-US"> <![endif]-->
<!--[if IE 7]>    <html class="no-js lt-ie9 lt-ie8" lang="en-US"> <![endif]-->
<!--[if IE 8]>    <html class="no-js lt-ie9" lang="en-US"> <![endif]-->
<!--[if gt IE 8]><!-->
<html class="no-js" lang="en-US">
<!--<![endif]-->
<head id="Head1">
